DataValue,5E-06,-2.2027271E-07,0.026281619444489004,5E-06,5E-06
DataValue,1.5E-05,-2.53272447E-07,0.086196079850197,1.5E-05,1.5E-05
DataValue,2.5E-05,-2.8583610900000004E-07,0.145856380462647,2.5E-05,2.5E-05
DataValue,3.5000000000000004E-05,-3.32292899E-07,0.20643262565136,3.5000000000000004E-05,3.5000000000000004E-05
DataValue,4.5E-05,-3.8880637E-07,0.266319990158081,4.5E-05,4.5E-05
DataValue,5.5E-05,-4.77087724E-07,0.32565221190452603,5.5E-05,5.5E-05
DataValue,6.5000000000000008E-05,-6.06967262E-07,0.385750412940979,6.5000000000000008E-05,6.5000000000000008E-05
DataValue,7.5000000000000007E-05,-7.741540460000001E-07,0.44598099589347806,7.5000000000000007E-05,7.5000000000000007E-05
DataValue,8.5E-05,-9.96196263E-07,0.505414962768555,8.5E-05,8.5E-05
DataValue,9.5E-05,-1.255844495E-06,0.565232276916504,9.5E-05,9.5E-05
DataValue,0.000105,-1.5547175280000002E-06,0.625748991966248,0.000105,0.000105
DataValue,0.000115,-1.8184847480000002E-06,0.68528115749359109,0.000115,0.000115
DataValue,0.000125,-2.0645252330000003E-06,0.74518156051635709,0.000125,0.000125
DataValue,0.000135,-2.287811185E-06,0.80540370941162109,0.000135,0.000135
DataValue,0.000145,-2.4332468910000002E-06,0.86528819799423207,0.000145,0.000145
DataValue,0.000155,-2.5323195130000003E-06,0.92497211694717407,0.000155,0.000155
DataValue,0.000165,-2.593188356E-06,0.985250532627106,0.000165,0.000165
DataValue,0.000175,-2.6381580940000002E-06,1.04571521282196,0.000175,0.000175
DataValue,0.00018500000000000002,-2.587332801E-06,1.105430483818054,0.00018500000000000002,0.00018500000000000002
DataValue,0.00019500000000000002,-2.515588449E-06,1.1653674840927122,0.00019500000000000002,0.00019500000000000002
DataValue,0.00020500000000000002,-2.4422329260000003E-06,1.225504398345947,0.00020500000000000002,0.00020500000000000002
DataValue,0.00021500000000000002,-2.3240072550000003E-06,1.2855814695358281,0.00021500000000000002,0.00021500000000000002
DataValue,0.00022500000000000002,-2.191818339E-06,1.3452378511428831,0.00022500000000000002,0.00022500000000000002
DataValue,0.00023500000000000002,-2.067930382E-06,1.4053026437759402,0.00023500000000000002,0.00023500000000000002
DataValue,0.000245,-1.934093234E-06,1.4654188156127932,0.000245,0.000245
DataValue,0.000255,-1.7943070820000002E-06,1.5252768993377692,0.000255,0.000255
DataValue,0.000265,-1.669362632E-06,1.5852034091949461,0.000265,0.000265
DataValue,0.000275,-1.562077045E-06,1.6454511880874632,0.000275,0.000275
DataValue,0.00028500000000000004,-1.441303539E-06,1.7054620981216431,0.00028500000000000004,0.00028500000000000004
DataValue,0.000295,-1.3425722050000002E-06,1.7649531364440922,0.000295,0.000295
DataValue,0.00030500000000000004,-1.25201359E-06,1.8251572847366331,0.00030500000000000004,0.00030500000000000004
DataValue,0.000315,-1.1589681890000002E-06,1.8853484392166142,0.000315,0.000315
DataValue,0.00032500000000000004,-1.073013777E-06,1.9449700117111211,0.00032500000000000004,0.00032500000000000004
DataValue,0.000335,-1.002567274E-06,2.0048377513885502,0.000335,0.000335
DataValue,0.00034500000000000004,-9.319572880000001E-07,2.0653951168060303,0.00034500000000000004,0.00034500000000000004
DataValue,0.000355,-8.5886819100000007E-07,2.124887228012085,0.000355,0.000355
DataValue,0.00036500000000000004,-7.9387905300000007E-07,2.1846320629119873,0.00036500000000000004,0.00036500000000000004
DataValue,0.000375,-7.4018959100000006E-07,2.244882345199585,0.000375,0.000375
DataValue,0.00038500000000000003,-6.83613052E-07,2.304548978805542,0.00038500000000000003,0.00038500000000000003
DataValue,0.000395,-6.350578020000001E-07,2.3641481399536133,0.000395,0.000395
DataValue,0.00040500000000000003,-6.01980275E-07,2.4243168830871582,0.00040500000000000003,0.00040500000000000003
DataValue,0.000415,-5.6717937000000007E-07,2.4843313694000244,0.000415,0.000415
DataValue,0.00042500000000000003,-5.41056806E-07,2.5442187786102304,0.00042500000000000003,0.00042500000000000003
DataValue,0.000435,-5.23524193E-07,2.6040537357330322,0.000435,0.000435
DataValue,0.00044500000000000003,-5.10461177E-07,2.6647496223449711,0.00044500000000000003,0.00044500000000000003
DataValue,0.00045500000000000006,-4.9713099800000008E-07,2.72446870803833,0.00045500000000000006,0.00045500000000000006
DataValue,0.000465,-4.90187233E-07,2.7841138839721684,0.000465,0.000465
DataValue,0.00047500000000000005,-4.90907269E-07,2.8445465564727783,0.00047500000000000005,0.00047500000000000005
DataValue,0.000485,-4.86102579E-07,2.9045078754425053,0.000485,0.000485
DataValue,0.000495,-4.8773898700000008E-07,2.9641509056091313,0.000495,0.000495
DataValue,0.000505,2.3590056000000003E-08,2.9647753238677983,0.000505,0.000505
DataValue,0.000515,1.34533337E-07,2.9049744606018071,0.000515,0.000515
DataValue,0.00052500000000000008,1.79043155E-07,2.8445911407470703,0.00052500000000000008,0.00052500000000000008
DataValue,0.000535,2.0455856000000002E-07,2.7846400737762451,0.000535,0.000535
DataValue,0.000545,2.21749715E-07,2.7249147891998291,0.000545,0.000545
DataValue,0.000555,2.39635682E-07,2.6653850078582764,0.000555,0.000555
DataValue,0.00056500000000000007,2.46689524E-07,2.6048922538757324,0.00056500000000000007,0.00056500000000000007
DataValue,0.000575,2.5326309600000004E-07,2.5450460910797124,0.000575,0.000575
DataValue,0.000585,2.6469956500000004E-07,2.4851217269897461,0.000585,0.000585
DataValue,0.000595,2.74515088E-07,2.4250142574310303,0.000595,0.000595
DataValue,0.00060500000000000007,2.79750253E-07,2.3649039268493652,0.00060500000000000007,0.00060500000000000007
DataValue,0.000615,2.8437827400000005E-07,2.3054652214050293,0.000615,0.000615
DataValue,0.000625,2.9218651300000003E-07,2.246110200881958,0.000625,0.000625
DataValue,0.000635,2.984481E-07,2.1856100559234624,0.000635,0.000635
DataValue,0.00064500000000000007,3.01116501E-07,2.1255137920379643,0.00064500000000000007,0.00064500000000000007
DataValue,0.00065500000000000009,3.04954369E-07,2.0659480094909672,0.00065500000000000009,0.00065500000000000009
DataValue,0.000665,3.1319518700000004E-07,2.005515575408936,0.000665,0.000665
DataValue,0.000675,3.1331438800000003E-07,1.9460010528564451,0.000675,0.000675
DataValue,0.00068500000000000006,3.1692437100000004E-07,1.8863526582717902,0.00068500000000000006,0.00068500000000000006
DataValue,0.00069500000000000009,3.2233484100000004E-07,1.8258950710296631,0.00069500000000000009,0.00069500000000000009
DataValue,0.000705,3.23822576E-07,1.7656846046447752,0.000705,0.000705
DataValue,0.000715,3.27227156E-07,1.70622456073761,0.000715,0.000715
DataValue,0.00072500000000000006,3.32582914E-07,1.6462048292160032,0.00072500000000000006,0.00072500000000000006
DataValue,0.00073500000000000008,3.3355604500000003E-07,1.5858409404754641,0.00073500000000000008,0.00073500000000000008
DataValue,0.000745,3.3582063E-07,1.5261157751083372,0.000745,0.000745
DataValue,0.000755,3.3875687700000005E-07,1.4662820100784302,0.000755,0.000755
DataValue,0.00076500000000000005,3.4598809900000003E-07,1.4060879945755012,0.00076500000000000005,0.00076500000000000005
DataValue,0.00077500000000000008,3.4554361200000004E-07,1.34607994556427,0.00077500000000000008,0.00077500000000000008
DataValue,0.000785,3.4635687E-07,1.2864129543304441,0.000785,0.000785
DataValue,0.000795,3.53254393E-07,1.2264220714569092,0.000795,0.000795
DataValue,0.000805,3.5492161E-07,1.1662442684173582,0.000805,0.000805
DataValue,0.00081500000000000008,3.5837175000000005E-07,1.1063674688339231,0.00081500000000000008,0.00081500000000000008
DataValue,0.0008250000000000001,3.5902800700000003E-07,1.0462995767593382,0.0008250000000000001,0.0008250000000000001
DataValue,0.000835,3.68688575E-07,0.98590141534805309,0.000835,0.000835
DataValue,0.000845,3.67335417E-07,0.92582964897155806,0.000845,0.000845
DataValue,0.00085500000000000007,3.70144761E-07,0.86595565080642711,0.00085500000000000007,0.00085500000000000007
DataValue,0.0008650000000000001,3.80935518E-07,0.8059943914413451,0.0008650000000000001,0.0008650000000000001
DataValue,0.000875,3.7925426E-07,0.7458887696266171,0.000875,0.000875
DataValue,0.000885,3.8387736400000004E-07,0.686126351356506,0.000885,0.000885
DataValue,0.00089500000000000007,3.9005343000000003E-07,0.62653189897537209,0.00089500000000000007,0.00089500000000000007
DataValue,0.0009050000000000001,3.9549752300000003E-07,0.56606864929199208,0.0009050000000000001,0.0009050000000000001
DataValue,0.000915,3.9617828000000005E-07,0.50620132684707608,0.000915,0.000915
DataValue,0.000925,4.04725483E-07,0.44684731960296603,0.000925,0.000925
DataValue,0.00093500000000000007,4.08998744E-07,0.38661953806877103,0.00093500000000000007,0.00093500000000000007
DataValue,0.00094500000000000009,4.1822320900000004E-07,0.32673957943916304,0.00094500000000000009,0.00094500000000000009
DataValue,0.000955,4.2201620000000005E-07,0.267169743776321,0.000955,0.000955
DataValue,0.000965,4.35770545E-07,0.20684555172920202,0.000965,0.000965
DataValue,0.00097500000000000006,4.4017980400000004E-07,0.146417140960693,0.00097500000000000006,0.00097500000000000006
DataValue,0.000985,4.47976817E-07,0.086994096636772,0.000985,0.000985
DataValue,0.000995,4.5921768800000004E-07,0.026967698708177,0.000995,0.000995
DataValue,0.001005,4.7530250000000004E-07,-0.033193171024323,0.001005,0.001005
DataValue,0.001015,4.84749251E-07,-0.093024909496307012,0.001015,0.001015
DataValue,0.001025,4.9747922E-07,-0.152840092778206,0.001025,0.001025
DataValue,0.0010350000000000001,5.19922366E-07,-0.21274717152118702,0.0010350000000000001,0.0010350000000000001
DataValue,0.0010450000000000001,5.36216135E-07,-0.272774279117584,0.0010450000000000001,0.0010450000000000001
DataValue,0.0010550000000000002,5.5407406300000006E-07,-0.332495480775833,0.0010550000000000002,0.0010550000000000002
DataValue,0.001065,5.82595817E-07,-0.39250111579895003,0.001065,0.001065
DataValue,0.001075,6.1112388000000008E-07,-0.452844321727753,0.001075,0.001075
DataValue,0.001085,6.41261011E-07,-0.512818992137909,0.001085,0.001085
DataValue,0.001095,6.805461790000001E-07,-0.57255357503891,0.001095,0.001095
DataValue,0.001105,7.3109112000000006E-07,-0.632756650447845,0.001105,0.001105
DataValue,0.001115,7.83864891E-07,-0.693039000034332,0.001115,0.001115
DataValue,0.0011250000000000001,8.48760806E-07,-0.752463102340698,0.0011250000000000001,0.0011250000000000001
DataValue,0.0011350000000000002,9.3907118500000012E-07,-0.812552511692047,0.0011350000000000002,0.0011350000000000002
DataValue,0.001145,1.047386718E-06,-0.87296891212463412,0.001145,0.001145
DataValue,0.001155,1.184620146E-06,-0.932690858840942,0.001155,0.001155
DataValue,0.001165,1.3763198010000002E-06,-0.99228423833847013,0.001165,0.001165
DataValue,0.001175,1.6504114910000002E-06,-1.0530523061752322,0.001175,0.001175
DataValue,0.001185,2.0070363010000003E-06,-1.1130692958831792,0.001185,0.001185
DataValue,0.001195,2.459460347E-06,-1.172665476799011,0.001195,0.001195
DataValue,0.0012050000000000001,3.034393103E-06,-1.23257040977478,0.0012050000000000001,0.0012050000000000001
DataValue,0.0012150000000000002,3.6156729950000004E-06,-1.2929495573043821,0.0012150000000000002,0.0012150000000000002
DataValue,0.0012250000000000002,4.089045433E-06,-1.3525105714797971,0.0012250000000000002,0.0012250000000000002
DataValue,0.001235,4.4467196860000006E-06,-1.4124827384948731,0.001235,0.001235
DataValue,0.001245,4.701019407E-06,-1.4729689359664921,0.001245,0.001245
DataValue,0.001255,4.715222985E-06,-1.5327028036117552,0.001255,0.001255
DataValue,0.001265,4.4664411690000007E-06,-1.5925954580307011,0.001265,0.001265
DataValue,0.001275,3.959792593E-06,-1.6529151201248171,0.001275,0.001275
DataValue,0.0012850000000000001,3.3010433070000003E-06,-1.7126904726028442,0.0012850000000000001,0.0012850000000000001
DataValue,0.0012950000000000001,2.66821371E-06,-1.7724531888961792,0.0012950000000000001,0.0012950000000000001
DataValue,0.0013050000000000002,2.152075695E-06,-1.8326637744903562,0.0013050000000000002,0.0013050000000000002
DataValue,0.001315,1.773152349E-06,-1.8928858041763312,0.001315,0.001315
DataValue,0.001325,1.502101327E-06,-1.9526468515396123,0.001325,0.001325
DataValue,0.001335,1.358423333E-06,-2.0122778415679932,0.001335,0.001335
DataValue,0.001345,1.306031663E-06,-2.0724599361419682,0.001345,0.001345
DataValue,0.001355,1.3049161680000002E-06,-2.1326947212219243,0.001355,0.001355
DataValue,0.0013650000000000001,1.349903414E-06,-2.192558765411377,0.0013650000000000001,0.0013650000000000001
DataValue,0.0013750000000000001,1.4491298540000001E-06,-2.25233006477356,0.0013750000000000001,0.0013750000000000001
DataValue,0.0013850000000000002,1.5753010980000002E-06,-2.3124077320098881,0.0013850000000000002,0.0013850000000000002
DataValue,0.0013950000000000002,1.724716981E-06,-2.372220516204834,0.0013950000000000002,0.0013950000000000002
DataValue,0.001405,1.9305789460000003E-06,-2.431688547134399,0.001405,0.001405
DataValue,0.001415,2.1613702760000004E-06,-2.4919133186340332,0.001415,0.001415
DataValue,0.001425,2.4428748020000002E-06,-2.551926851272583,0.001425,0.001425
DataValue,0.001435,2.7640194280000003E-06,-2.6117808818817143,0.001435,0.001435
DataValue,0.001445,3.1659130850000004E-06,-2.671883344650269,0.001445,0.001445
DataValue,0.0014550000000000001,3.6419673960000003E-06,-2.7316787242889404,0.0014550000000000001,0.0014550000000000001
DataValue,0.0014650000000000002,4.1443367990000005E-06,-2.791494607925415,0.0014650000000000002,0.0014650000000000002
DataValue,0.0014750000000000002,4.807000096E-06,-2.8512310981750493,0.0014750000000000002,0.0014750000000000002
DataValue,0.001485,5.5536229410000006E-06,-2.911495685577393,0.001485,0.001485
DataValue,0.001495,6.460849818E-06,-2.9711430072784424,0.001495,0.001495
DataValue,0.001505,5.700836027E-06,-2.9712221622467041,0.001505,0.001505
DataValue,0.001515,4.614565114E-06,-2.9119670391082764,0.001515,0.001515
DataValue,0.001525,3.803168966E-06,-2.851825475692749,0.001525,0.001525
DataValue,0.0015350000000000001,3.123688884E-06,-2.7920989990234384,0.0015350000000000001,0.0015350000000000001
DataValue,0.0015450000000000002,2.564205715E-06,-2.7327423095703134,0.0015450000000000002,0.0015450000000000002
DataValue,0.0015550000000000002,2.0082793530000003E-06,-2.6724967956542973,0.0015550000000000002,0.0015550000000000002
DataValue,0.0015650000000000002,1.5529765280000002E-06,-2.6120896339416504,0.0015650000000000002,0.0015650000000000002
DataValue,0.001575,1.226725885E-06,-2.5524957180023193,0.001575,0.001575
DataValue,0.001585,9.55282189E-07,-2.4927904605865483,0.001585,0.001585
DataValue,0.001595,7.19135812E-07,-2.4324383735656743,0.001595,0.001595
DataValue,0.001605,5.3605975800000007E-07,-2.3728268146514893,0.001605,0.001605
DataValue,0.0016150000000000001,3.58019093E-07,-2.3132758140563974,0.0016150000000000001,0.0016150000000000001
DataValue,0.0016250000000000001,2.3160028200000003E-07,-2.2529184818267822,0.0016250000000000001,0.0016250000000000001
DataValue,0.0016350000000000002,1.28318717E-07,-2.1930234432220463,0.0016350000000000002,0.0016350000000000002
DataValue,0.0016450000000000002,4.0002988E-08,-2.1335000991821294,0.0016450000000000002,0.0016450000000000002
DataValue,0.001655,-3.2893983E-08,-2.0734202861785893,0.001655,0.001655
DataValue,0.001665,-9.650688100000001E-08,-2.013141393661499,0.001665,0.001665
DataValue,0.001675,-1.4608289700000002E-07,-1.9534976482391362,0.001675,0.001675
DataValue,0.001685,-1.8973246100000003E-07,-1.8935592174530032,0.001685,0.001685
DataValue,0.0016950000000000001,-2.2809847200000003E-07,-1.833486795425415,0.0016950000000000001,0.0016950000000000001
DataValue,0.0017050000000000001,-2.46563559E-07,-1.7733459472656252,0.0017050000000000001,0.0017050000000000001
DataValue,0.0017150000000000002,-2.74166155E-07,-1.7135792970657351,0.0017150000000000002,0.0017150000000000002
DataValue,0.0017250000000000002,-2.95716092E-07,-1.6539260149002082,0.0017250000000000002,0.0017250000000000002
DataValue,0.0017350000000000002,-3.1148189800000004E-07,-1.5934898853302002,0.0017350000000000002,0.0017350000000000002
DataValue,0.001745,-3.2389010600000004E-07,-1.5337282419204712,0.001745,0.001745
DataValue,0.001755,-3.3773278600000004E-07,-1.473926424980164,0.001755,0.001755
DataValue,0.001765,-3.4990540600000005E-07,-1.4133152961730962,0.001765,0.001765
DataValue,0.001775,-3.55667112E-07,-1.353422999382019,0.001775,0.001775
DataValue,0.0017850000000000001,-3.6381047200000004E-07,-1.2939091920852661,0.0017850000000000001,0.0017850000000000001
DataValue,0.0017950000000000002,-3.7605181500000005E-07,-1.2335994243621831,0.0017950000000000002,0.0017950000000000002
DataValue,0.0018050000000000002,-3.8063848300000005E-07,-1.1733677387237551,0.0018050000000000002,0.0018050000000000002
DataValue,0.0018150000000000002,-3.8724289200000003E-07,-1.1139070987701421,0.0018150000000000002,0.0018150000000000002
DataValue,0.001825,-3.9722036100000004E-07,-1.053783535957336,0.001825,0.001825
DataValue,0.001835,-4.03427975E-07,-0.99326074123382613,0.001835,0.001835
DataValue,0.001845,-4.07798666E-07,-0.93366593122482311,0.001845,0.001845
DataValue,0.001855,-4.17570021E-07,-0.87376064062118508,0.001855,0.001855
DataValue,0.0018650000000000001,-4.27921862E-07,-0.8134518861770631,0.0018650000000000001,0.0018650000000000001
DataValue,0.0018750000000000002,-4.3272095200000004E-07,-0.753719449043274,0.0018750000000000002,0.0018750000000000002
DataValue,0.0018850000000000002,-4.4326702700000004E-07,-0.694004535675049,0.0018850000000000002,0.0018850000000000002
DataValue,0.0018950000000000002,-4.5787459200000004E-07,-0.63382858037948608,0.0018950000000000002,0.0018950000000000002
DataValue,0.0019050000000000002,-4.6488145200000004E-07,-0.57336533069610607,0.0019050000000000002,0.0019050000000000002
DataValue,0.001915,-4.77356252E-07,-0.51370638608932506,0.001915,0.001915
DataValue,0.001925,-4.92237291E-07,-0.45367577672004705,0.001925,0.001925
DataValue,0.001935,-5.1461245200000008E-07,-0.39336389303207403,0.001935,0.001935
DataValue,0.0019450000000000001,-5.28060355E-07,-0.333644092082977,0.0019450000000000001,0.0019450000000000001
DataValue,0.001955,-5.51318919E-07,-0.273837715387344,0.001955,0.001955
DataValue,0.001965,-5.7854151700000009E-07,-0.213809549808502,0.001965,0.001965
DataValue,0.001975,-6.11016105E-07,-0.153854966163635,0.001975,0.001975
DataValue,0.0019850000000000002,-6.46591047E-07,-0.094340041279793008,0.0019850000000000002,0.0019850000000000002
DataValue,0.0019950000000000002,-6.9576742600000008E-07,-0.034418538212776004,0.0019950000000000002,0.0019950000000000002
DataValue,0.0020050000000000003,-7.5351204E-07,0.026076043024659,0.0020050000000000003,0.0020050000000000003
DataValue,0.0020150000000000003,-8.25176471E-07,0.085832446813583013,0.0020150000000000003,0.0020150000000000003
DataValue,0.0020250000000000003,-9.1725081600000009E-07,0.145492404699326,0.0020250000000000003,0.0020250000000000003
DataValue,0.002035,-1.026883751E-06,0.20600844919681502,0.002035,0.002035
DataValue,0.002045,-1.120142997E-06,0.266097515821457,0.002045,0.002045
DataValue,0.002055,-1.2041742820000001E-06,0.32575076818466203,0.002055,0.002055
DataValue,0.002065,-1.3363456900000002E-06,0.38551810383796703,0.002065,0.002065
DataValue,0.002075,-1.5517714470000002E-06,0.44569551944732705,0.002075,0.002075
DataValue,0.002085,-1.8511024110000001E-06,0.50523650646209706,0.002085,0.002085
DataValue,0.002095,-2.178521072E-06,0.565085113048553,0.002095,0.002095
DataValue,0.002105,-2.489580766E-06,0.62571662664413408,0.002105,0.002105
DataValue,0.002115,-2.698346862E-06,0.685315310955048,0.002115,0.002115
DataValue,0.002125,-2.8305385060000004E-06,0.745007693767548,0.002125,0.002125
DataValue,0.002135,-2.9080088100000003E-06,0.80518364906311,0.002135,0.002135
DataValue,0.002145,-2.9055102E-06,0.865333616733551,0.002145,0.002145
DataValue,0.0021550000000000002,-2.8508552530000003E-06,0.924901366233826,0.0021550000000000002,0.0021550000000000002
DataValue,0.0021650000000000003,-2.7729895460000004E-06,0.98480910062789906,0.0021650000000000003,0.0021650000000000003
DataValue,0.0021750000000000003,-2.668085017E-06,1.0453885793685911,0.0021750000000000003,0.0021750000000000003
DataValue,0.0021850000000000003,-2.520753469E-06,1.1052378416061401,0.0021850000000000003,0.0021850000000000003
DataValue,0.0021950000000000003,-2.376683597E-06,1.1652843952178962,0.0021950000000000003,0.0021950000000000003
DataValue,0.002205,-2.242905111E-06,1.225616335868835,0.002205,0.002205
DataValue,0.002215,-2.0831066650000004E-06,1.2856786251068122,0.002215,0.002215
DataValue,0.002225,-1.937887646E-06,1.3453079462051392,0.002225,0.002225
DataValue,0.002235,-1.8051623560000001E-06,1.4050270318984992,0.002235,0.002235
DataValue,0.002245,-1.670672987E-06,1.465486407279968,0.002245,0.002245
DataValue,0.002255,-1.5454523920000002E-06,1.525509238243103,0.002255,0.002255
DataValue,0.002265,-1.431771352E-06,1.5850157737731931,0.002265,0.002265
DataValue,0.002275,-1.3364935970000002E-06,1.6453551054000852,0.002275,0.002275
DataValue,0.002285,-1.2354577170000001E-06,1.7053508758544922,0.002285,0.002285
DataValue,0.002295,-1.140179279E-06,1.7648992538452151,0.002295,0.002295
DataValue,0.002305,-1.060573368E-06,1.8249622583389282,0.002305,0.002305
DataValue,0.0023150000000000002,-9.75140551E-07,1.8852934837341311,0.0023150000000000002,0.0023150000000000002
DataValue,0.0023250000000000002,-8.9083238200000005E-07,1.9449260234832762,0.0023250000000000002,0.0023250000000000002
DataValue,0.0023350000000000003,-8.24663289E-07,2.004786491394043,0.0023350000000000003,0.0023350000000000003
DataValue,0.0023450000000000003,-7.6159233200000007E-07,2.0653610229492192,0.0023450000000000003,0.0023450000000000003
DataValue,0.0023550000000000003,-6.98193276E-07,2.124944925308228,0.0023550000000000003,0.0023550000000000003
DataValue,0.0023650000000000003,-6.50914785E-07,2.1848239898681641,0.0023650000000000003,0.0023650000000000003
DataValue,0.002375,-6.112103390000001E-07,2.245330810546875,0.002375,0.002375
DataValue,0.002385,-5.75269439E-07,2.3052525520324711,0.002385,0.002385
DataValue,0.002395,-5.43650913E-07,2.3646242618560791,0.002395,0.002395
DataValue,0.002405,-5.2427088800000007E-07,2.4245591163635254,0.002405,0.002405
DataValue,0.002415,-5.04717718E-07,2.484827041625977,0.002415,0.002415
DataValue,0.002425,-4.84663929E-07,2.5444827079772954,0.002425,0.002425
DataValue,0.002435,-4.78705886E-07,2.60427188873291,0.002435,0.002435
DataValue,0.002445,-4.7477900000000005E-07,2.664671897888184,0.002445,0.002445
DataValue,0.002455,-4.65492832E-07,2.724500417709351,0.002455,0.002455
DataValue,0.002465,-4.64889865E-07,2.7841804027557373,0.002465,0.002465
DataValue,0.002475,-4.6731571500000005E-07,2.8443641662597661,0.002475,0.002475
DataValue,0.0024850000000000002,-4.6822853500000004E-07,2.904446125030518,0.0024850000000000002,0.0024850000000000002
DataValue,0.0024950000000000003,-4.7733595900000007E-07,2.9641582965850835,0.0024950000000000003,0.0024950000000000003
DataValue,0.0025050000000000003,2.7685225000000002E-08,2.9647829532623291,0.0025050000000000003,0.0025050000000000003
DataValue,0.0025150000000000003,1.3506056E-07,2.90490984916687,0.0025150000000000003,0.0025150000000000003
DataValue,0.0025250000000000003,1.7905577500000002E-07,2.8448538780212402,0.0025250000000000003,0.0025250000000000003
DataValue,0.0025350000000000004,2.04179969E-07,2.7848713397979741,0.0025350000000000004,0.0025350000000000004
DataValue,0.002545,2.2284204700000002E-07,2.7252576351165771,0.002545,0.002545
DataValue,0.002555,2.38154243E-07,2.6654360294342041,0.002555,0.002555
DataValue,0.002565,2.5032125E-07,2.6049516201019292,0.002565,0.002565
DataValue,0.002575,2.59547136E-07,2.5447936058044434,0.002575,0.002575
DataValue,0.002585,2.6717938800000004E-07,2.48527455329895,0.002585,0.002585
DataValue,0.002595,2.7760205500000004E-07,2.425154447555542,0.002595,0.002595
DataValue,0.002605,2.8291293600000005E-07,2.3651056289672852,0.002605,0.002605
DataValue,0.002615,2.86569929E-07,2.3056075572967534,0.002615,0.002615
DataValue,0.002625,2.96045386E-07,2.2459094524383554,0.002625,0.002625
DataValue,0.002635,2.9841865500000004E-07,2.1855378150939941,0.002635,0.002635
DataValue,0.002645,3.0080102000000004E-07,2.125702857971191,0.002645,0.002645
DataValue,0.0026550000000000002,3.0572769600000003E-07,2.066222190856934,0.0026550000000000002,0.0026550000000000002
DataValue,0.0026650000000000003,3.14971089E-07,2.0057990550994873,0.0026650000000000003,0.0026650000000000003
DataValue,0.0026750000000000003,3.1753435800000004E-07,1.9458799362182622,0.0026750000000000003,0.0026750000000000003
DataValue,0.0026850000000000003,3.1612091800000005E-07,1.8863009214401252,0.0026850000000000003,0.0026850000000000003
DataValue,0.0026950000000000003,3.25311731E-07,1.8261978626251221,0.0026950000000000003,0.0026950000000000003
DataValue,0.0027050000000000004,3.2430915600000003E-07,1.7661119699478152,0.0027050000000000004,0.0027050000000000004
DataValue,0.002715,3.2670482100000005E-07,1.7064006328582762,0.002715,0.002715
DataValue,0.002725,3.33572899E-07,1.6462992429733281,0.002725,0.002725
DataValue,0.002735,3.3442194100000005E-07,1.5860524177551272,0.002735,0.002735
DataValue,0.002745,3.36608679E-07,1.5264618396759031,0.002745,0.002745
DataValue,0.002755,3.39043623E-07,1.4667202234268191,0.002755,0.002755
DataValue,0.002765,3.44965173E-07,1.4061816930770872,0.002765,0.002765
DataValue,0.002775,3.4648798E-07,1.3461682796478272,0.002775,0.002775
DataValue,0.002785,3.4689742300000004E-07,1.2863830327987671,0.002785,0.002785
DataValue,0.002795,3.54850812E-07,1.22639536857605,0.002795,0.002795
DataValue,0.002805,3.5641215800000005E-07,1.1663569211959841,0.002805,0.002805
DataValue,0.0028150000000000002,3.5687841700000003E-07,1.106386184692383,0.0028150000000000002,0.0028150000000000002
DataValue,0.0028250000000000003,3.64071781E-07,1.0465776920318601,0.0028250000000000003,0.0028250000000000003
DataValue,0.0028350000000000003,3.67662835E-07,0.986235857009888,0.0028350000000000003,0.0028350000000000003
DataValue,0.0028450000000000003,3.67729456E-07,0.92618691921234109,0.0028450000000000003,0.0028450000000000003
DataValue,0.0028550000000000003,3.7213240500000003E-07,0.866465389728546,0.0028550000000000003,0.0028550000000000003
DataValue,0.0028650000000000004,3.77527414E-07,0.8064495325088501,0.0028650000000000004,0.0028650000000000004
DataValue,0.0028750000000000004,3.81715154E-07,0.74623799324035611,0.0028750000000000004,0.0028750000000000004
DataValue,0.002885,3.84227206E-07,0.686547040939331,0.002885,0.002885
DataValue,0.002895,3.90631129E-07,0.6266427636146541,0.002895,0.002895
DataValue,0.002905,3.9462463500000005E-07,0.566147148609161,0.002905,0.002905
DataValue,0.002915,3.9786445400000005E-07,0.50637102127075206,0.002915,0.002915
DataValue,0.002925,4.0259624300000005E-07,0.44695115089416504,0.002925,0.002925
DataValue,0.002935,4.1437274900000004E-07,0.38673537969589206,0.002935,0.002935
DataValue,0.002945,4.1677614600000005E-07,0.32682970166206404,0.002945,0.002945
DataValue,0.002955,4.2274535900000005E-07,0.26712644100189203,0.002955,0.002955
DataValue,0.002965,4.34789001E-07,0.206780776381493,0.002965,0.002965
DataValue,0.002975,4.3975282400000003E-07,0.14644496142864202,0.002975,0.002975
DataValue,0.0029850000000000002,4.4840311400000004E-07,0.086978256702423012,0.0029850000000000002,0.0029850000000000002
DataValue,0.0029950000000000003,4.5869185800000006E-07,0.027193339541554003,0.0029950000000000003,0.0029950000000000003
DataValue,0.0030050000000000003,4.7566285800000006E-07,-0.033264633268118,0.0030050000000000003,0.0030050000000000003
DataValue,0.0030150000000000003,4.8148905300000006E-07,-0.093248441815376,0.0030150000000000003,0.0030150000000000003
DataValue,0.0030250000000000003,4.9903638900000008E-07,-0.15311749279499,0.0030250000000000003,0.0030250000000000003
DataValue,0.0030350000000000004,5.13479222E-07,-0.21291296184063002,0.0030350000000000004,0.0030350000000000004
DataValue,0.0030450000000000004,5.32710601E-07,-0.273158311843872,0.0030450000000000004,0.0030450000000000004
DataValue,0.003055,5.4966125200000005E-07,-0.332892209291458,0.003055,0.003055
DataValue,0.003065,5.7935807300000007E-07,-0.392529278993607,0.003065,0.003065
DataValue,0.003075,6.04332968E-07,-0.45287528634071306,0.003075,0.003075
DataValue,0.003085,6.33337095E-07,-0.512726068496704,0.003085,0.003085
DataValue,0.003095,6.7123261300000006E-07,-0.57231664657592807,0.003095,0.003095
DataValue,0.003105,7.17166415E-07,-0.632575392723083,0.003105,0.003105
DataValue,0.003115,7.66260086E-07,-0.6926521062850951,0.003115,0.003115
DataValue,0.003125,8.2859907000000012E-07,-0.75269192457199108,0.003125,0.003125
DataValue,0.003135,9.1085581700000006E-07,-0.812645792961121,0.003135,0.003135
DataValue,0.0031450000000000002,1.0066116830000002E-06,-0.87310904264450107,0.0031450000000000002,0.0031450000000000002
DataValue,0.0031550000000000003,1.1363733850000002E-06,-0.932840824127197,0.0031550000000000003,0.0031550000000000003
DataValue,0.0031650000000000003,1.303721433E-06,-0.992435991764069,0.0031650000000000003,0.0031650000000000003
DataValue,0.0031750000000000003,1.5508843490000001E-06,-1.0528098344802861,0.0031750000000000003,0.0031750000000000003
DataValue,0.0031850000000000003,1.8650997620000001E-06,-1.1131776571273802,0.0031850000000000003,0.0031850000000000003
DataValue,0.0031950000000000004,2.292984391E-06,-1.172804594039917,0.0031950000000000004,0.0031950000000000004
DataValue,0.0032050000000000004,2.845956487E-06,-1.232706665992737,0.0032050000000000004,0.0032050000000000004
DataValue,0.0032150000000000004,3.4443580720000004E-06,-1.2927390336990361,0.0032150000000000004,0.0032150000000000004
DataValue,0.003225,3.985940566E-06,-1.3522627353668211,0.003225,0.003225
DataValue,0.003235,4.414958767E-06,-1.412236332893372,0.003235,0.003235
DataValue,0.003245,4.753753728E-06,-1.473068952560425,0.003245,0.003245
DataValue,0.003255,4.9219543140000006E-06,-1.5327475070953371,0.003255,0.003255
DataValue,0.003265,4.799842372E-06,-1.5925116539001472,0.003265,0.003265
DataValue,0.003275,4.333945981E-06,-1.6528693437576292,0.003275,0.003275
DataValue,0.003285,3.6188973810000003E-06,-1.7126299142837522,0.003285,0.003285
DataValue,0.003295,2.8775805280000003E-06,-1.7725806236267092,0.003295,0.003295
DataValue,0.003305,2.259960866E-06,-1.8328738212585451,0.003305,0.003305
DataValue,0.0033150000000000002,1.7966260660000002E-06,-1.8929164409637451,0.0033150000000000002,0.0033150000000000002
DataValue,0.0033250000000000003,1.504714987E-06,-1.9524610042572022,0.0033250000000000003,0.0033250000000000003
DataValue,0.0033350000000000003,1.349316562E-06,-2.0124549865722661,0.0033350000000000003,0.0033350000000000003
DataValue,0.0033450000000000003,1.294188564E-06,-2.0728757381439213,0.0033450000000000003,0.0033450000000000003
DataValue,0.0033550000000000003,1.3039549460000002E-06,-2.1326136589050293,0.0033550000000000003,0.0033550000000000003
DataValue,0.0033650000000000004,1.35502296E-06,-2.1925384998321533,0.0033650000000000004,0.0033650000000000004
DataValue,0.0033750000000000004,1.4641243520000001E-06,-2.2523188591003422,0.0033750000000000004,0.0033750000000000004
DataValue,0.0033850000000000004,1.5810418290000002E-06,-2.312314510345459,0.0033850000000000004,0.0033850000000000004
DataValue,0.003395,1.7572617710000002E-06,-2.3721494674682622,0.003395,0.003395
DataValue,0.003405,1.968458491E-06,-2.4320635795593262,0.003405,0.003405
DataValue,0.003415,2.1977361940000004E-06,-2.4922366142272954,0.003415,0.003415
DataValue,0.003425,2.547345503E-06,-2.55199670791626,0.003425,0.003425
DataValue,0.003435,2.873681751E-06,-2.6116023063659672,0.003435,0.003435
DataValue,0.003445,3.2673717670000004E-06,-2.6718001365661621,0.003445,0.003445
DataValue,0.003455,3.7706108740000002E-06,-2.7315299510955811,0.003455,0.003455
DataValue,0.003465,4.383092801E-06,-2.791350364685059,0.003465,0.003465
DataValue,0.0034750000000000002,5.029499334E-06,-2.8514051437377934,0.0034750000000000002,0.0034750000000000002
DataValue,0.0034850000000000003,5.836498076E-06,-2.9114084243774414,0.0034850000000000003,0.0034850000000000003
DataValue,0.0034950000000000003,6.7388705250000005E-06,-2.9712753295898442,0.0034950000000000003,0.0034950000000000003
DataValue,0.0035050000000000003,5.9082908590000007E-06,-2.9717741012573242,0.0035050000000000003,0.0035050000000000003
DataValue,0.0035150000000000003,4.730500223E-06,-2.9121022224426274,0.0035150000000000003,0.0035150000000000003
DataValue,0.0035250000000000004,3.825653948E-06,-2.8520903587341313,0.0035250000000000004,0.0035250000000000004
DataValue,0.0035350000000000004,3.174541007E-06,-2.792277574539185,0.0035350000000000004,0.0035350000000000004
DataValue,0.0035450000000000004,2.5820279460000004E-06,-2.7325339317321782,0.0035450000000000004,0.0035450000000000004
DataValue,0.0035550000000000004,2.102269036E-06,-2.672621488571167,0.0035550000000000004,0.0035550000000000004
DataValue,0.003565,1.706680337E-06,-2.6124043464660653,0.003565,0.003565
DataValue,0.003575,1.32848254E-06,-2.5527467727661133,0.003575,0.003575
DataValue,0.003585,1.049776756E-06,-2.4929161071777344,0.003585,0.003585
DataValue,0.003595,8.0241341000000008E-07,-2.432886123657227,0.003595,0.003595
DataValue,0.003605,6.11317375E-07,-2.3731262683868413,0.003605,0.003605
DataValue,0.003615,4.3173565700000005E-07,-2.3133776187896733,0.003615,0.003615
DataValue,0.003625,2.8414339700000004E-07,-2.2532055377960214,0.003625,0.003625
DataValue,0.003635,1.7815413900000002E-07,-2.1932694911956792,0.003635,0.003635
DataValue,0.0036450000000000002,7.6212395000000011E-08,-2.133240699768066,0.0036450000000000002,0.0036450000000000002
DataValue,0.0036550000000000003,-2.274507E-09,-2.0733997821807861,0.0036550000000000003,0.0036550000000000003
DataValue,0.0036650000000000003,-7.0876489E-08,-2.013350248336792,0.0036650000000000003,0.0036650000000000003
DataValue,0.0036750000000000003,-1.2214428600000002E-07,-1.9533152580261231,0.0036750000000000003,0.0036750000000000003
DataValue,0.0036850000000000003,-1.6621170600000003E-07,-1.8935071229934692,0.0036850000000000003,0.0036850000000000003
DataValue,0.0036950000000000004,-2.0836860400000002E-07,-1.8337690830230711,0.0036950000000000004,0.0036950000000000004
DataValue,0.0037050000000000004,-2.39016828E-07,-1.7736595869064331,0.0037050000000000004,0.0037050000000000004
DataValue,0.0037150000000000004,-2.6538549500000004E-07,-1.7139260768890381,0.0037150000000000004,0.0037150000000000004
DataValue,0.0037250000000000004,-2.8828014800000005E-07,-1.6539703607559202,0.0037250000000000004,0.0037250000000000004
DataValue,0.003735,-3.0526800300000004E-07,-1.5936310291290281,0.003735,0.003735
DataValue,0.003745,-3.20382469E-07,-1.53372323513031,0.003745,0.003745
DataValue,0.003755,-3.3342166700000004E-07,-1.4741717576980591,0.003755,0.003755
DataValue,0.003765,-3.51432419E-07,-1.4136469364166262,0.003765,0.003765
DataValue,0.003775,-3.5477810900000003E-07,-1.3533157110214231,0.003775,0.003775
DataValue,0.003785,-3.6320051300000003E-07,-1.293830990791321,0.003785,0.003785
DataValue,0.003795,-3.7477931900000004E-07,-1.2339429855346682,0.003795,0.003795
DataValue,0.0038050000000000002,-3.8100725400000004E-07,-1.1739904880523682,0.0038050000000000002,0.0038050000000000002
DataValue,0.0038150000000000002,-3.85200565E-07,-1.114260792732239,0.0038150000000000002,0.0038150000000000002
DataValue,0.0038250000000000003,-3.9385784600000003E-07,-1.0540570020675661,0.0038250000000000003,0.0038250000000000003
DataValue,0.0038350000000000003,-4.0511764600000005E-07,-0.993509650230408,0.0038350000000000003,0.0038350000000000003
DataValue,0.0038450000000000003,-4.0628359E-07,-0.93375533819198608,0.0038450000000000003,0.0038450000000000003
DataValue,0.0038550000000000004,-4.17095379E-07,-0.874091863632202,0.0038550000000000004,0.0038550000000000004
DataValue,0.0038650000000000004,-4.26463572E-07,-0.813473045825958,0.0038650000000000004,0.0038650000000000004
DataValue,0.0038750000000000004,-4.31975678E-07,-0.75341880321502708,0.0038750000000000004,0.0038750000000000004
DataValue,0.0038850000000000004,-4.3969487300000004E-07,-0.694041848182678,0.0038850000000000004,0.0038850000000000004
DataValue,0.0038950000000000005,-4.5646606800000004E-07,-0.63375395536422707,0.0038950000000000005,0.0038950000000000005
DataValue,0.003905,-4.6587212000000004E-07,-0.573311805725098,0.003905,0.003905
DataValue,0.003915,-4.7499213500000006E-07,-0.51370924711227406,0.003915,0.003915
DataValue,0.0039250000000000005,-4.92327729E-07,-0.45359304547309903,0.0039250000000000005,0.0039250000000000005
DataValue,0.003935,-5.1054951200000006E-07,-0.393398731946945,0.003935,0.003935
DataValue,0.0039450000000000006,-5.2767688900000007E-07,-0.333847910165787,0.0039450000000000006,0.0039450000000000006
DataValue,0.003955,-5.4742429300000008E-07,-0.27418163418769803,0.003955,0.003955
DataValue,0.0039650000000000006,-5.77824267E-07,-0.214010551571846,0.0039650000000000006,0.0039650000000000006
DataValue,0.003975,-6.03905505E-07,-0.15404891967773401,0.003975,0.003975
DataValue,0.003985,-6.4157814E-07,-0.094394952058792,0.003985,0.003985
DataValue,0.003995,-6.890157350000001E-07,-0.034260131418705,0.003995,0.003995
DataValue,0.004005,-7.4432051600000011E-07,0.026197487488389,0.004005,0.004005
DataValue,0.004015,-8.1361241700000008E-07,0.085730008780956,0.004015,0.004015
DataValue,0.004025,-9.0691230500000012E-07,0.145439594984055,0.004025,0.004025
DataValue,0.004035,-1.031507509E-06,0.20575605332851402,0.004035,0.004035
DataValue,0.004045,-1.144726639E-06,0.26593735814094505,0.004045,0.004045
DataValue,0.0040550000000000004,-1.274901251E-06,0.325476557016373,0.0040550000000000004,0.0040550000000000004
DataValue,0.004065,-1.450814125E-06,0.385653257369995,0.004065,0.004065
DataValue,0.0040750000000000005,-1.709285129E-06,0.445883840322494,0.0040750000000000005,0.0040750000000000005
DataValue,0.004085,-2.026021775E-06,0.505335032939911,0.004085,0.004085
DataValue,0.0040950000000000005,-2.3469158350000003E-06,0.565345585346222,0.0040950000000000005,0.0040950000000000005
DataValue,0.004105,-2.6322688880000004E-06,0.625883817672729,0.004105,0.004105
DataValue,0.0041150000000000006,-2.8021331670000004E-06,0.68493974208831809,0.0041150000000000006,0.0041150000000000006
DataValue,0.004125,-2.8997988010000004E-06,0.74502700567245506,0.004125,0.004125
DataValue,0.0041350000000000007,-2.936563533E-06,0.805391371250153,0.0041350000000000007,0.0041350000000000007
DataValue,0.004145,-2.91633387E-06,0.86534523963928212,0.004145,0.004145
DataValue,0.004155,-2.8434185420000003E-06,0.92508262395858809,0.004155,0.004155
DataValue,0.004165,-2.735705266E-06,0.98506397008895907,0.004165,0.004165
DataValue,0.004175,-2.619775159E-06,1.0455363988876341,0.004175,0.004175
DataValue,0.004185,-2.4678709E-06,1.105474472045898,0.004185,0.004185
DataValue,0.004195,-2.3233581030000002E-06,1.1651196479797361,0.004195,0.004195
DataValue,0.004205,-2.1866244420000003E-06,1.2251963615417481,0.004205,0.004205
DataValue,0.004215,-2.0369834600000003E-06,1.285642027854919,0.004215,0.004215
DataValue,0.0042250000000000005,-1.8814162100000003E-06,1.345563530921936,0.0042250000000000005,0.0042250000000000005
DataValue,0.004235,-1.7506554290000002E-06,1.4050463438034062,0.004235,0.004235
DataValue,0.0042450000000000005,-1.6303636130000001E-06,1.4653800725936892,0.0042450000000000005,0.0042450000000000005
DataValue,0.004255,-1.5042217E-06,1.5253469944000242,0.004255,0.004255
DataValue,0.0042650000000000006,-1.3954812630000001E-06,1.5850579738616941,0.0042650000000000006,0.0042650000000000006
DataValue,0.004275,-1.301879934E-06,1.6453163623809812,0.004275,0.004275
DataValue,0.0042850000000000006,-1.2001064530000002E-06,1.7055606842041022,0.0042850000000000006,0.0042850000000000006
DataValue,0.004295,-1.1085375040000002E-06,1.7650238275527952,0.004295,0.004295
DataValue,0.0043050000000000007,-1.026078166E-06,1.8251897096633911,0.0043050000000000007,0.0043050000000000007
DataValue,0.004315,-9.475344880000001E-07,1.8855155706405642,0.004315,0.004315
DataValue,0.004325,-8.64157357E-07,1.9449548721313481,0.004325,0.004325
DataValue,0.004335,-7.9758717700000007E-07,2.0046813488006592,0.004335,0.004335
DataValue,0.004345,-7.3908324800000005E-07,2.0654590129852304,0.004345,0.004345
DataValue,0.004355,-6.77962817E-07,2.1249949932098393,0.004355,0.004355
DataValue,0.004365,-6.34170931E-07,2.184806346893311,0.004365,0.004365
DataValue,0.004375,-5.9938685100000009E-07,2.2450830936431894,0.004375,0.004375
DataValue,0.004385,-5.6112531900000006E-07,2.3048760890960693,0.004385,0.004385
DataValue,0.0043950000000000005,-5.31843568E-07,2.3644580841064453,0.0043950000000000005,0.0043950000000000005
DataValue,0.004405,-5.16043372E-07,2.4246363639831543,0.004405,0.004405
DataValue,0.0044150000000000005,-4.9735047E-07,2.4848053455352783,0.0044150000000000005,0.0044150000000000005
DataValue,0.004425,-4.8106795700000006E-07,2.5441758632659912,0.004425,0.004425
DataValue,0.0044350000000000006,-4.73462308E-07,2.604158878326416,0.0044350000000000006,0.0044350000000000006
DataValue,0.004445,-4.7307531800000006E-07,2.6646809577941903,0.004445,0.004445
DataValue,0.0044550000000000006,-4.6238690700000006E-07,2.7243556976318364,0.0044550000000000006,0.0044550000000000006
DataValue,0.004465,-4.6199150500000003E-07,2.784001350402832,0.004465,0.004465
DataValue,0.0044750000000000007,-4.77269339E-07,2.8444116115570073,0.0044750000000000007,0.0044750000000000007
DataValue,0.004485,-4.76397844E-07,2.9045872688293461,0.004485,0.004485
DataValue,0.004495,-4.7860146400000008E-07,2.9639899730682373,0.004495,0.004495
DataValue,0.004505,2.4734964E-08,2.9647028446197514,0.004505,0.004505
DataValue,0.004515,1.35286314E-07,2.9050545692443852,0.004515,0.004515
DataValue,0.004525,1.83830309E-07,2.8448102474212651,0.004525,0.004525
DataValue,0.004535,1.97550989E-07,2.7847456932067871,0.004535,0.004535
DataValue,0.004545,2.2056414700000002E-07,2.7248711585998544,0.004545,0.004545
DataValue,0.004555,2.3852513200000003E-07,2.6651699542999272,0.004555,0.004555
DataValue,0.0045650000000000005,2.47342967E-07,2.6046044826507573,0.0045650000000000005,0.0045650000000000005
DataValue,0.004575,2.57794369E-07,2.5450882911682133,0.004575,0.004575
DataValue,0.0045850000000000005,2.7123599E-07,2.4854500293731694,0.0045850000000000005,0.0045850000000000005
DataValue,0.004595,2.8049552700000003E-07,2.4248862266540532,0.004595,0.004595
DataValue,0.0046050000000000006,2.8381038E-07,2.3650186061859131,0.0046050000000000006,0.0046050000000000006
DataValue,0.004615,2.9015259900000005E-07,2.3055300712585454,0.004615,0.004615
DataValue,0.0046250000000000006,2.98307867E-07,2.2459521293640141,0.0046250000000000006,0.0046250000000000006
DataValue,0.004635,2.9951868900000003E-07,2.1857130527496342,0.004635,0.004635
DataValue,0.0046450000000000007,3.03201602E-07,2.1256179809570312,0.0046450000000000007,0.0046450000000000007
DataValue,0.004655,3.08776123E-07,2.0659835338592534,0.004655,0.004655
DataValue,0.004665,3.1758693800000004E-07,2.0055909156799321,0.004665,0.004665
DataValue,0.004675,3.1573461000000003E-07,1.9457849264144902,0.004675,0.004675
DataValue,0.004685,3.2004993500000004E-07,1.8859771490097053,0.004685,0.004685
DataValue,0.004695,3.23055559E-07,1.8258274793624882,0.004695,0.004695
DataValue,0.004705,3.2454192900000003E-07,1.7657394409179692,0.004705,0.004705
DataValue,0.0047150000000000004,3.29412501E-07,1.7060408592224121,0.0047150000000000004,0.0047150000000000004
DataValue,0.004725,3.3344878100000004E-07,1.646106600761414,0.004725,0.004725
DataValue,0.0047350000000000005,3.33601633E-07,1.5858476161956792,0.0047350000000000005,0.0047350000000000005
DataValue,0.004745,3.36803595E-07,1.5259246826171882,0.004745,0.004745
DataValue,0.0047550000000000005,3.40820236E-07,1.4662376642227171,0.0047550000000000005,0.0047550000000000005
DataValue,0.004765,3.44466685E-07,1.4062781333923342,0.004765,0.004765
DataValue,0.0047750000000000006,3.4576655100000004E-07,1.3462380170822141,0.0047750000000000006,0.0047750000000000006
DataValue,0.004785,3.4791685300000003E-07,1.2863217592239382,0.004785,0.004785
DataValue,0.0047950000000000007,3.5576152900000004E-07,1.2264653444290161,0.0047950000000000007,0.0047950000000000007
DataValue,0.004805,3.54515663E-07,1.166365385055542,0.004805,0.004805
DataValue,0.0048150000000000007,3.5810182900000003E-07,1.1062027215957642,0.0048150000000000007,0.0048150000000000007
DataValue,0.004825,3.60257047E-07,1.0462878942489622,0.004825,0.004825
DataValue,0.004835,3.67178387E-07,0.986138701438904,0.004835,0.004835
DataValue,0.004845,3.70270271E-07,0.925869047641754,0.004845,0.004845
DataValue,0.004855,3.7081503E-07,0.8661112189292911,0.004855,0.004855
DataValue,0.004865,3.78996958E-07,0.806429088115692,0.004865,0.004865
DataValue,0.004875,3.8201312700000003E-07,0.74596232175827,0.004875,0.004875
DataValue,0.0048850000000000005,3.83249159E-07,0.68599963188171409,0.0048850000000000005,0.0048850000000000005
DataValue,0.004895,3.9052386600000003E-07,0.62632387876510609,0.004895,0.004895
DataValue,0.0049050000000000005,3.94400274E-07,0.565926074981689,0.0049050000000000005,0.0049050000000000005
DataValue,0.004915,3.97928261E-07,0.506269991397858,0.004915,0.004915
DataValue,0.0049250000000000006,4.0508376700000003E-07,0.44681316614151,0.0049250000000000006,0.0049250000000000006
DataValue,0.004935,4.10751511E-07,0.38667905330658003,0.004935,0.004935
DataValue,0.0049450000000000006,4.1854363500000004E-07,0.32651606202125505,0.0049450000000000006,0.0049450000000000006
DataValue,0.004955,4.2126322300000005E-07,0.26727360486984203,0.004955,0.004955
DataValue,0.0049650000000000007,4.3436062900000004E-07,0.20699867606163003,0.0049650000000000007,0.0049650000000000007
DataValue,0.004975,4.4158764500000006E-07,0.14636540412902802,0.004975,0.004975
DataValue,0.0049850000000000007,4.47185272E-07,0.086977198719978013,0.0049850000000000007,0.0049850000000000007
DataValue,0.004995,4.5807277600000004E-07,0.027178907766938,0.004995,0.004995
